id,date,price,opec_price
Europe Brent Spot Price FOB (Dollars per Barrel),2023-12-29,77.69,78.44
Europe Brent Spot Price FOB (Dollars per Barrel),2023-12-28,79.04,80.31
Europe Brent Spot Price FOB (Dollars per Barrel),2023-12-27,80.97,81.82
Europe Brent Spot Price FOB (Dollars per Barrel),2023-12-22,80.23,81.23
Europe Brent Spot Price FOB (Dollars per Barrel),2023-12-21,80.73,80.84
Europe Brent Spot Price FOB (Dollars per Barrel),2023-12-20,81.1,81.24
Europe Brent Spot Price FOB (Dollars per Barrel),2023-12-19,79.82,79.19
Europe Brent Spot Price FOB (Dollars per Barrel),2023-12-18,78.89,78.47
Europe Brent Spot Price FOB (Dollars per Barrel),2023-12-15,76.84,78.03
Europe Brent Spot Price FOB (Dollars per Barrel),2023-12-14,77.05,76.77
Europe Brent Spot Price FOB (Dollars per Barrel),2023-12-13,74.14,73.91
Europe Brent Spot Price FOB (Dollars per Barrel),2023-12-12,74.11,77.01
Europe Brent Spot Price FOB (Dollars per Barrel),2023-12-11,75.75,77.93
Europe Brent Spot Price FOB (Dollars per Barrel),2023-12-08,75.94,77.42
Europe Brent Spot Price FOB (Dollars per Barrel),2023-12-07,74.21,76.37
Europe Brent Spot Price FOB (Dollars per Barrel),2023-12-06,74.33,78.26
Europe Brent Spot Price FOB (Dollars per Barrel),2023-12-05,77.27,79.96
Europe Brent Spot Price FOB (Dollars per Barrel),2023-12-04,78.16,79.63
Europe Brent Spot Price FOB (Dollars per Barrel),2023-12-01,78.72,82.54
Europe Brent Spot Price FOB (Dollars per Barrel),2023-11-30,81.72,85.0
Europe Brent Spot Price FOB (Dollars per Barrel),2023-11-29,82.98,83.89
Europe Brent Spot Price FOB (Dollars per Barrel),2023-11-28,81.66,83.4
Europe Brent Spot Price FOB (Dollars per Barrel),2023-11-27,79.49,82.75
Europe Brent Spot Price FOB (Dollars per Barrel),2023-11-24,79.82,84.16
Europe Brent Spot Price FOB (Dollars per Barrel),2023-11-23,80.85,83.78
Europe Brent Spot Price FOB (Dollars per Barrel),2023-11-22,81.76,84.46
Europe Brent Spot Price FOB (Dollars per Barrel),2023-11-21,82.42,84.75
Europe Brent Spot Price FOB (Dollars per Barrel),2023-11-20,83.25,84.44
Europe Brent Spot Price FOB (Dollars per Barrel),2023-11-17,81.22,81.08
Europe Brent Spot Price FOB (Dollars per Barrel),2023-11-16,77.73,82.22
Europe Brent Spot Price FOB (Dollars per Barrel),2023-11-15,82.4,84.82
Europe Brent Spot Price FOB (Dollars per Barrel),2023-11-14,84.2,85.47
Europe Brent Spot Price FOB (Dollars per Barrel),2023-11-13,84.09,84.08
Europe Brent Spot Price FOB (Dollars per Barrel),2023-11-10,83.66,83.71
Europe Brent Spot Price FOB (Dollars per Barrel),2023-11-09,81.74,83.22
Europe Brent Spot Price FOB (Dollars per Barrel),2023-11-08,81.46,84.27
Europe Brent Spot Price FOB (Dollars per Barrel),2023-11-07,83.43,86.5
Europe Brent Spot Price FOB (Dollars per Barrel),2023-11-06,87.31,88.86
Europe Brent Spot Price FOB (Dollars per Barrel),2023-11-03,87.55,89.78
Europe Brent Spot Price FOB (Dollars per Barrel),2023-11-02,89.02,89.08
Europe Brent Spot Price FOB (Dollars per Barrel),2023-11-01,86.92,88.54
Europe Brent Spot Price FOB (Dollars per Barrel),2023-10-31,86.82,90.06
Europe Brent Spot Price FOB (Dollars per Barrel),2023-10-30,90.73,91.1
Europe Brent Spot Price FOB (Dollars per Barrel),2023-10-27,90.73,91.6
Europe Brent Spot Price FOB (Dollars per Barrel),2023-10-26,88.45,91.68
Europe Brent Spot Price FOB (Dollars per Barrel),2023-10-25,90.14,90.83
Europe Brent Spot Price FOB (Dollars per Barrel),2023-10-24,88.0,91.29
Europe Brent Spot Price FOB (Dollars per Barrel),2023-10-23,91.88,94.29
Europe Brent Spot Price FOB (Dollars per Barrel),2023-10-20,93.72,95.72
Europe Brent Spot Price FOB (Dollars per Barrel),2023-10-19,93.12,93.63
Europe Brent Spot Price FOB (Dollars per Barrel),2023-10-18,91.99,94.46
Europe Brent Spot Price FOB (Dollars per Barrel),2023-10-17,92.52,92.65
Europe Brent Spot Price FOB (Dollars per Barrel),2023-10-16,90.99,93.23
Europe Brent Spot Price FOB (Dollars per Barrel),2023-10-13,94.33,91.62
Europe Brent Spot Price FOB (Dollars per Barrel),2023-10-12,88.4,89.43
Europe Brent Spot Price FOB (Dollars per Barrel),2023-10-11,87.58,89.89
Europe Brent Spot Price FOB (Dollars per Barrel),2023-10-10,90.7,90.8
Europe Brent Spot Price FOB (Dollars per Barrel),2023-10-09,91.37,90.01
Europe Brent Spot Price FOB (Dollars per Barrel),2023-10-06,87.86,87.33
Europe Brent Spot Price FOB (Dollars per Barrel),2023-10-05,88.28,88.54
Europe Brent Spot Price FOB (Dollars per Barrel),2023-10-04,89.83,92.38
Europe Brent Spot Price FOB (Dollars per Barrel),2023-10-03,94.46,93.59
Europe Brent Spot Price FOB (Dollars per Barrel),2023-10-02,91.21,95.02
Europe Brent Spot Price FOB (Dollars per Barrel),2023-09-29,95.86,96.35
Europe Brent Spot Price FOB (Dollars per Barrel),2023-09-28,96.64,97.48
Europe Brent Spot Price FOB (Dollars per Barrel),2023-09-27,97.1,97.08
Europe Brent Spot Price FOB (Dollars per Barrel),2023-09-26,94.46,94.47
Europe Brent Spot Price FOB (Dollars per Barrel),2023-09-25,94.01,95.31
Europe Brent Spot Price FOB (Dollars per Barrel),2023-09-22,93.99,95.73
Europe Brent Spot Price FOB (Dollars per Barrel),2023-09-21,93.7,95.01
Europe Brent Spot Price FOB (Dollars per Barrel),2023-09-20,94.56,95.82
Europe Brent Spot Price FOB (Dollars per Barrel),2023-09-19,96.11,97.0
Europe Brent Spot Price FOB (Dollars per Barrel),2023-09-18,95.95,96.93
Europe Brent Spot Price FOB (Dollars per Barrel),2023-09-15,95.55,96.87
Europe Brent Spot Price FOB (Dollars per Barrel),2023-09-14,95.2,95.7
Europe Brent Spot Price FOB (Dollars per Barrel),2023-09-13,93.04,95.1
Europe Brent Spot Price FOB (Dollars per Barrel),2023-09-12,93.58,94.09
Europe Brent Spot Price FOB (Dollars per Barrel),2023-09-11,91.97,93.12
Europe Brent Spot Price FOB (Dollars per Barrel),2023-09-08,91.85,92.84
Europe Brent Spot Price FOB (Dollars per Barrel),2023-09-07,91.16,92.97
Europe Brent Spot Price FOB (Dollars per Barrel),2023-09-06,91.79,92.3
Europe Brent Spot Price FOB (Dollars per Barrel),2023-09-05,91.25,91.44
Europe Brent Spot Price FOB (Dollars per Barrel),2023-09-04,90.42,91.27
Europe Brent Spot Price FOB (Dollars per Barrel),2023-09-01,89.98,89.66
Europe Brent Spot Price FOB (Dollars per Barrel),2023-08-31,87.29,88.44
Europe Brent Spot Price FOB (Dollars per Barrel),2023-08-30,86.62,87.76
Europe Brent Spot Price FOB (Dollars per Barrel),2023-08-29,86.37,87.09
Europe Brent Spot Price FOB (Dollars per Barrel),2023-08-25,85.42,86.89
Europe Brent Spot Price FOB (Dollars per Barrel),2023-08-24,84.07,85.71
Europe Brent Spot Price FOB (Dollars per Barrel),2023-08-23,83.94,85.84
Europe Brent Spot Price FOB (Dollars per Barrel),2023-08-22,84.7,86.51
Europe Brent Spot Price FOB (Dollars per Barrel),2023-08-21,85.44,87.58
Europe Brent Spot Price FOB (Dollars per Barrel),2023-08-18,85.92,86.46
Europe Brent Spot Price FOB (Dollars per Barrel),2023-08-17,85.24,86.17
Europe Brent Spot Price FOB (Dollars per Barrel),2023-08-16,84.49,86.96
Europe Brent Spot Price FOB (Dollars per Barrel),2023-08-15,86.28,87.82
Europe Brent Spot Price FOB (Dollars per Barrel),2023-08-14,87.4,88.66
Europe Brent Spot Price FOB (Dollars per Barrel),2023-08-11,87.93,88.97
Europe Brent Spot Price FOB (Dollars per Barrel),2023-08-10,87.44,89.75
Europe Brent Spot Price FOB (Dollars per Barrel),2023-08-09,89.31,88.2
Europe Brent Spot Price FOB (Dollars per Barrel),2023-08-08,88.0,87.61
Europe Brent Spot Price FOB (Dollars per Barrel),2023-08-07,86.47,88.25
Europe Brent Spot Price FOB (Dollars per Barrel),2023-08-04,87.38,87.98
Europe Brent Spot Price FOB (Dollars per Barrel),2023-08-03,86.19,85.5
Europe Brent Spot Price FOB (Dollars per Barrel),2023-08-02,84.01,86.69
Europe Brent Spot Price FOB (Dollars per Barrel),2023-08-01,85.34,86.63
Europe Brent Spot Price FOB (Dollars per Barrel),2023-07-31,85.22,86.45
Europe Brent Spot Price FOB (Dollars per Barrel),2023-07-28,84.49,85.37
Europe Brent Spot Price FOB (Dollars per Barrel),2023-07-27,84.28,84.88
Europe Brent Spot Price FOB (Dollars per Barrel),2023-07-26,82.98,84.82
Europe Brent Spot Price FOB (Dollars per Barrel),2023-07-25,83.46,84.64
Europe Brent Spot Price FOB (Dollars per Barrel),2023-07-24,82.53,83.19
Europe Brent Spot Price FOB (Dollars per Barrel),2023-07-21,81.06,81.99
Europe Brent Spot Price FOB (Dollars per Barrel),2023-07-20,79.62,81.28
Europe Brent Spot Price FOB (Dollars per Barrel),2023-07-19,79.38,81.46
Europe Brent Spot Price FOB (Dollars per Barrel),2023-07-18,79.54,80.33
Europe Brent Spot Price FOB (Dollars per Barrel),2023-07-17,77.8,80.05
Europe Brent Spot Price FOB (Dollars per Barrel),2023-07-14,79.9,82.06
Europe Brent Spot Price FOB (Dollars per Barrel),2023-07-13,81.31,81.53
Europe Brent Spot Price FOB (Dollars per Barrel),2023-07-12,80.35,80.64
Europe Brent Spot Price FOB (Dollars per Barrel),2023-07-11,79.54,79.68
Europe Brent Spot Price FOB (Dollars per Barrel),2023-07-10,77.83,79.09
Europe Brent Spot Price FOB (Dollars per Barrel),2023-07-07,78.77,78.43
Europe Brent Spot Price FOB (Dollars per Barrel),2023-07-06,76.72,77.56
Europe Brent Spot Price FOB (Dollars per Barrel),2023-07-05,76.74,76.61
Europe Brent Spot Price FOB (Dollars per Barrel),2023-07-04,76.23,76.18
Europe Brent Spot Price FOB (Dollars per Barrel),2023-07-03,74.52,76.12
Europe Brent Spot Price FOB (Dollars per Barrel),2023-06-30,74.51,76.14
Europe Brent Spot Price FOB (Dollars per Barrel),2023-06-29,73.86,74.34
Europe Brent Spot Price FOB (Dollars per Barrel),2023-06-28,73.64,74.38
Europe Brent Spot Price FOB (Dollars per Barrel),2023-06-27,71.88,75.15
Europe Brent Spot Price FOB (Dollars per Barrel),2023-06-26,73.86,74.65
Europe Brent Spot Price FOB (Dollars per Barrel),2023-06-23,73.56,74.14
Europe Brent Spot Price FOB (Dollars per Barrel),2023-06-22,73.93,76.83
Europe Brent Spot Price FOB (Dollars per Barrel),2023-06-21,76.92,77.24
Europe Brent Spot Price FOB (Dollars per Barrel),2023-06-20,75.79,76.85
Europe Brent Spot Price FOB (Dollars per Barrel),2023-06-19,76.09,76.45
Europe Brent Spot Price FOB (Dollars per Barrel),2023-06-16,76.76,75.89
Europe Brent Spot Price FOB (Dollars per Barrel),2023-06-15,75.75,74.2
Europe Brent Spot Price FOB (Dollars per Barrel),2023-06-14,73.39,74.84
Europe Brent Spot Price FOB (Dollars per Barrel),2023-06-13,74.24,73.06
Europe Brent Spot Price FOB (Dollars per Barrel),2023-06-12,71.8,72.96
Europe Brent Spot Price FOB (Dollars per Barrel),2023-06-09,74.74,75.85
Europe Brent Spot Price FOB (Dollars per Barrel),2023-06-08,75.88,76.55
Europe Brent Spot Price FOB (Dollars per Barrel),2023-06-07,76.85,76.03
Europe Brent Spot Price FOB (Dollars per Barrel),2023-06-06,76.22,75.46
Europe Brent Spot Price FOB (Dollars per Barrel),2023-06-05,76.61,77.09
Europe Brent Spot Price FOB (Dollars per Barrel),2023-06-02,76.0,73.33
Europe Brent Spot Price FOB (Dollars per Barrel),2023-06-01,74.18,72.79
Europe Brent Spot Price FOB (Dollars per Barrel),2023-05-31,71.98,73.07
Europe Brent Spot Price FOB (Dollars per Barrel),2023-05-30,73.38,75.19
Europe Brent Spot Price FOB (Dollars per Barrel),2023-05-26,76.33,76.25
Europe Brent Spot Price FOB (Dollars per Barrel),2023-05-25,75.66,76.94
Europe Brent Spot Price FOB (Dollars per Barrel),2023-05-24,77.99,77.49
Europe Brent Spot Price FOB (Dollars per Barrel),2023-05-23,76.66,75.96
Europe Brent Spot Price FOB (Dollars per Barrel),2023-05-22,75.77,75.24
Europe Brent Spot Price FOB (Dollars per Barrel),2023-05-19,75.42,75.71
Europe Brent Spot Price FOB (Dollars per Barrel),2023-05-18,75.75,76.06
Europe Brent Spot Price FOB (Dollars per Barrel),2023-05-17,76.98,74.6
Europe Brent Spot Price FOB (Dollars per Barrel),2023-05-16,75.15,75.22
Europe Brent Spot Price FOB (Dollars per Barrel),2023-05-15,75.46,74.45
Europe Brent Spot Price FOB (Dollars per Barrel),2023-05-12,74.54,74.46
Europe Brent Spot Price FOB (Dollars per Barrel),2023-05-11,75.32,76.71
Europe Brent Spot Price FOB (Dollars per Barrel),2023-05-10,76.7,76.62
Europe Brent Spot Price FOB (Dollars per Barrel),2023-05-09,77.76,76.32
Europe Brent Spot Price FOB (Dollars per Barrel),2023-05-05,75.85,74.31
Europe Brent Spot Price FOB (Dollars per Barrel),2023-05-04,73.0,73.3
Europe Brent Spot Price FOB (Dollars per Barrel),2023-05-03,72.91,73.79
Europe Brent Spot Price FOB (Dollars per Barrel),2023-05-02,76.71,78.59
Europe Brent Spot Price FOB (Dollars per Barrel),2023-04-28,81.32,79.98
Europe Brent Spot Price FOB (Dollars per Barrel),2023-04-27,80.11,78.4
Europe Brent Spot Price FOB (Dollars per Barrel),2023-04-26,79.19,81.12
Europe Brent Spot Price FOB (Dollars per Barrel),2023-04-25,82.13,82.95
Europe Brent Spot Price FOB (Dollars per Barrel),2023-04-24,84.23,82.3
Europe Brent Spot Price FOB (Dollars per Barrel),2023-04-21,83.36,81.86
Europe Brent Spot Price FOB (Dollars per Barrel),2023-04-20,83.29,82.42
Europe Brent Spot Price FOB (Dollars per Barrel),2023-04-19,85.34,84.41
Europe Brent Spot Price FOB (Dollars per Barrel),2023-04-18,85.48,85.51
Europe Brent Spot Price FOB (Dollars per Barrel),2023-04-17,85.63,86.43
Europe Brent Spot Price FOB (Dollars per Barrel),2023-04-14,87.31,86.8
Europe Brent Spot Price FOB (Dollars per Barrel),2023-04-13,86.51,87.77
Europe Brent Spot Price FOB (Dollars per Barrel),2023-04-12,88.31,86.65
Europe Brent Spot Price FOB (Dollars per Barrel),2023-04-11,87.32,85.42
Europe Brent Spot Price FOB (Dollars per Barrel),2023-04-06,86.56,85.18
Europe Brent Spot Price FOB (Dollars per Barrel),2023-04-05,85.89,85.49
Europe Brent Spot Price FOB (Dollars per Barrel),2023-04-04,85.7,85.5
Europe Brent Spot Price FOB (Dollars per Barrel),2023-04-03,85.81,84.84
Europe Brent Spot Price FOB (Dollars per Barrel),2023-03-31,79.19,78.12
Europe Brent Spot Price FOB (Dollars per Barrel),2023-03-30,78.45,77.53
Europe Brent Spot Price FOB (Dollars per Barrel),2023-03-29,77.51,77.72
Europe Brent Spot Price FOB (Dollars per Barrel),2023-03-28,78.07,77.63
Europe Brent Spot Price FOB (Dollars per Barrel),2023-03-27,76.8,75.01
Europe Brent Spot Price FOB (Dollars per Barrel),2023-03-24,73.63,74.6
Europe Brent Spot Price FOB (Dollars per Barrel),2023-03-23,74.31,75.88
Europe Brent Spot Price FOB (Dollars per Barrel),2023-03-22,76.08,74.75
Europe Brent Spot Price FOB (Dollars per Barrel),2023-03-21,74.78,73.96
Europe Brent Spot Price FOB (Dollars per Barrel),2023-03-20,72.42,70.77
Europe Brent Spot Price FOB (Dollars per Barrel),2023-03-17,71.03,74.11
Europe Brent Spot Price FOB (Dollars per Barrel),2023-03-16,73.12,73.75
Europe Brent Spot Price FOB (Dollars per Barrel),2023-03-15,74.3,76.22
Europe Brent Spot Price FOB (Dollars per Barrel),2023-03-14,76.77,78.92
Europe Brent Spot Price FOB (Dollars per Barrel),2023-03-13,79.67,81.88
Europe Brent Spot Price FOB (Dollars per Barrel),2023-03-10,82.3,80.72
Europe Brent Spot Price FOB (Dollars per Barrel),2023-03-09,81.0,82.05
Europe Brent Spot Price FOB (Dollars per Barrel),2023-03-08,82.1,82.12
Europe Brent Spot Price FOB (Dollars per Barrel),2023-03-06,85.86,84.59
Europe Brent Spot Price FOB (Dollars per Barrel),2023-03-03,85.74,83.82
Europe Brent Spot Price FOB (Dollars per Barrel),2023-03-02,84.15,83.22
Europe Brent Spot Price FOB (Dollars per Barrel),2023-03-01,83.68,82.59
Europe Brent Spot Price FOB (Dollars per Barrel),2023-02-28,83.21,81.91
Europe Brent Spot Price FOB (Dollars per Barrel),2023-02-27,81.24,81.64
Europe Brent Spot Price FOB (Dollars per Barrel),2023-02-24,82.31,82.04
Europe Brent Spot Price FOB (Dollars per Barrel),2023-02-23,82.08,80.53
Europe Brent Spot Price FOB (Dollars per Barrel),2023-02-22,79.55,80.52
Europe Brent Spot Price FOB (Dollars per Barrel),2023-02-21,82.14,81.94
Europe Brent Spot Price FOB (Dollars per Barrel),2023-02-20,82.79,82.02
Europe Brent Spot Price FOB (Dollars per Barrel),2023-02-17,81.97,81.73
Europe Brent Spot Price FOB (Dollars per Barrel),2023-02-16,83.84,83.76
Europe Brent Spot Price FOB (Dollars per Barrel),2023-02-15,84.11,82.95
Europe Brent Spot Price FOB (Dollars per Barrel),2023-02-14,84.96,84.37
Europe Brent Spot Price FOB (Dollars per Barrel),2023-02-13,85.98,84.23
Europe Brent Spot Price FOB (Dollars per Barrel),2023-02-10,85.46,83.62
Europe Brent Spot Price FOB (Dollars per Barrel),2023-02-09,83.46,82.84
Europe Brent Spot Price FOB (Dollars per Barrel),2023-02-08,84.17,81.92
Europe Brent Spot Price FOB (Dollars per Barrel),2023-02-07,82.92,80.55
Europe Brent Spot Price FOB (Dollars per Barrel),2023-02-06,80.48,78.25
Europe Brent Spot Price FOB (Dollars per Barrel),2023-02-03,78.85,79.42
Europe Brent Spot Price FOB (Dollars per Barrel),2023-02-02,80.57,80.48
Europe Brent Spot Price FOB (Dollars per Barrel),2023-02-01,81.61,82.87
Europe Brent Spot Price FOB (Dollars per Barrel),2023-01-31,83.42,81.95
Europe Brent Spot Price FOB (Dollars per Barrel),2023-01-30,84.9,83.45
Europe Brent Spot Price FOB (Dollars per Barrel),2023-01-27,85.36,85.31
Europe Brent Spot Price FOB (Dollars per Barrel),2023-01-26,86.29,84.47
Europe Brent Spot Price FOB (Dollars per Barrel),2023-01-25,85.08,84.59
Europe Brent Spot Price FOB (Dollars per Barrel),2023-01-24,85.25,84.89
Europe Brent Spot Price FOB (Dollars per Barrel),2023-01-23,87.54,85.45
Europe Brent Spot Price FOB (Dollars per Barrel),2023-01-20,86.96,84.9
Europe Brent Spot Price FOB (Dollars per Barrel),2023-01-19,85.08,82.6
Europe Brent Spot Price FOB (Dollars per Barrel),2023-01-18,83.78,84.62
Europe Brent Spot Price FOB (Dollars per Barrel),2023-01-17,84.38,83.3
Europe Brent Spot Price FOB (Dollars per Barrel),2023-01-16,82.65,82.25
Europe Brent Spot Price FOB (Dollars per Barrel),2023-01-13,83.43,81.86
Europe Brent Spot Price FOB (Dollars per Barrel),2023-01-12,82.59,80.73
Europe Brent Spot Price FOB (Dollars per Barrel),2023-01-11,81.11,78.23
Europe Brent Spot Price FOB (Dollars per Barrel),2023-01-10,78.4,77.0
Europe Brent Spot Price FOB (Dollars per Barrel),2023-01-09,77.5,77.57
Europe Brent Spot Price FOB (Dollars per Barrel),2023-01-06,76.41,76.15
Europe Brent Spot Price FOB (Dollars per Barrel),2023-01-05,76.73,75.77
Europe Brent Spot Price FOB (Dollars per Barrel),2023-01-04,75.31,76.88
Europe Brent Spot Price FOB (Dollars per Barrel),2023-01-03,80.36,82.05
Europe Brent Spot Price FOB (Dollars per Barrel),2022-12-30,82.82,81.29
Europe Brent Spot Price FOB (Dollars per Barrel),2022-12-29,80.96,80.39
Europe Brent Spot Price FOB (Dollars per Barrel),2022-12-28,81.7,81.96
Europe Brent Spot Price FOB (Dollars per Barrel),2022-12-23,82.45,80.58
Europe Brent Spot Price FOB (Dollars per Barrel),2022-12-22,79.58,81.14
Europe Brent Spot Price FOB (Dollars per Barrel),2022-12-21,80.25,79.36
Europe Brent Spot Price FOB (Dollars per Barrel),2022-12-20,79.45,78.13
Europe Brent Spot Price FOB (Dollars per Barrel),2022-12-19,81.66,78.11
Europe Brent Spot Price FOB (Dollars per Barrel),2022-12-16,80.2,78.73
Europe Brent Spot Price FOB (Dollars per Barrel),2022-12-15,82.34,80.47
Europe Brent Spot Price FOB (Dollars per Barrel),2022-12-14,83.33,79.97
Europe Brent Spot Price FOB (Dollars per Barrel),2022-12-12,78.0,74.94
Europe Brent Spot Price FOB (Dollars per Barrel),2022-12-09,76.37,74.66
Europe Brent Spot Price FOB (Dollars per Barrel),2022-12-08,76.02,75.18
Europe Brent Spot Price FOB (Dollars per Barrel),2022-12-07,77.11,77.01
Europe Brent Spot Price FOB (Dollars per Barrel),2022-12-06,79.92,79.66
Europe Brent Spot Price FOB (Dollars per Barrel),2022-12-05,83.36,83.04
Europe Brent Spot Price FOB (Dollars per Barrel),2022-12-02,86.54,83.85
Europe Brent Spot Price FOB (Dollars per Barrel),2022-12-01,86.28,84.28
Europe Brent Spot Price FOB (Dollars per Barrel),2022-11-30,85.61,83.13
Europe Brent Spot Price FOB (Dollars per Barrel),2022-11-29,83.22,83.42
Europe Brent Spot Price FOB (Dollars per Barrel),2022-11-28,83.5,79.93
Europe Brent Spot Price FOB (Dollars per Barrel),2022-11-25,83.4,83.8
Europe Brent Spot Price FOB (Dollars per Barrel),2022-11-24,85.59,81.52
Europe Brent Spot Price FOB (Dollars per Barrel),2022-11-23,85.9,85.19
Europe Brent Spot Price FOB (Dollars per Barrel),2022-11-22,88.65,86.2
Europe Brent Spot Price FOB (Dollars per Barrel),2022-11-21,88.44,84.18
Europe Brent Spot Price FOB (Dollars per Barrel),2022-11-18,88.93,87.65
Europe Brent Spot Price FOB (Dollars per Barrel),2022-11-17,91.0,90.52
Europe Brent Spot Price FOB (Dollars per Barrel),2022-11-16,92.61,91.72
Europe Brent Spot Price FOB (Dollars per Barrel),2022-11-15,94.3,91.16
Europe Brent Spot Price FOB (Dollars per Barrel),2022-11-14,93.59,94.42
Europe Brent Spot Price FOB (Dollars per Barrel),2022-11-11,96.37,94.81
Europe Brent Spot Price FOB (Dollars per Barrel),2022-11-10,94.25,91.29
Europe Brent Spot Price FOB (Dollars per Barrel),2022-11-09,93.05,93.19
Europe Brent Spot Price FOB (Dollars per Barrel),2022-11-08,96.85,95.96
Europe Brent Spot Price FOB (Dollars per Barrel),2022-11-07,99.87,97.29
Europe Brent Spot Price FOB (Dollars per Barrel),2022-11-04,99.53,96.12
Europe Brent Spot Price FOB (Dollars per Barrel),2022-11-03,95.29,93.49
Europe Brent Spot Price FOB (Dollars per Barrel),2022-11-02,96.07,94.71
Europe Brent Spot Price FOB (Dollars per Barrel),2022-11-01,95.12,94.4
Europe Brent Spot Price FOB (Dollars per Barrel),2022-10-31,93.3,93.17
Europe Brent Spot Price FOB (Dollars per Barrel),2022-10-28,94.64,95.01
Europe Brent Spot Price FOB (Dollars per Barrel),2022-10-27,94.17,94.73
Europe Brent Spot Price FOB (Dollars per Barrel),2022-10-26,92.93,93.32
Europe Brent Spot Price FOB (Dollars per Barrel),2022-10-24,91.57,92.17
Europe Brent Spot Price FOB (Dollars per Barrel),2022-10-21,91.82,92.09
Europe Brent Spot Price FOB (Dollars per Barrel),2022-10-20,91.52,92.48
Europe Brent Spot Price FOB (Dollars per Barrel),2022-10-19,91.34,89.29
Europe Brent Spot Price FOB (Dollars per Barrel),2022-10-18,89.46,90.82
Europe Brent Spot Price FOB (Dollars per Barrel),2022-10-17,91.04,92.16
Europe Brent Spot Price FOB (Dollars per Barrel),2022-10-14,92.22,94.17
Europe Brent Spot Price FOB (Dollars per Barrel),2022-10-13,95.16,93.66
Europe Brent Spot Price FOB (Dollars per Barrel),2022-10-12,93.44,95.12
Europe Brent Spot Price FOB (Dollars per Barrel),2022-10-11,95.17,96.03
Europe Brent Spot Price FOB (Dollars per Barrel),2022-10-10,97.13,99.13
Europe Brent Spot Price FOB (Dollars per Barrel),2022-10-07,98.88,97.44
Europe Brent Spot Price FOB (Dollars per Barrel),2022-10-06,95.65,95.81
Europe Brent Spot Price FOB (Dollars per Barrel),2022-10-05,94.35,94.06
Europe Brent Spot Price FOB (Dollars per Barrel),2022-10-04,93.74,92.14
Europe Brent Spot Price FOB (Dollars per Barrel),2022-10-03,90.68,90.69
Europe Brent Spot Price FOB (Dollars per Barrel),2022-09-30,88.9,92.34
Europe Brent Spot Price FOB (Dollars per Barrel),2022-09-29,89.41,92.76
Europe Brent Spot Price FOB (Dollars per Barrel),2022-09-28,89.55,90.27
Europe Brent Spot Price FOB (Dollars per Barrel),2022-09-27,85.97,89.81
Europe Brent Spot Price FOB (Dollars per Barrel),2022-09-26,82.55,89.5
Europe Brent Spot Price FOB (Dollars per Barrel),2022-09-23,84.29,92.67
Europe Brent Spot Price FOB (Dollars per Barrel),2022-09-22,90.4,95.51
Europe Brent Spot Price FOB (Dollars per Barrel),2022-09-21,89.86,96.31
Europe Brent Spot Price FOB (Dollars per Barrel),2022-09-20,89.62,96.55
Europe Brent Spot Price FOB (Dollars per Barrel),2022-09-16,89.43,95.7
Europe Brent Spot Price FOB (Dollars per Barrel),2022-09-15,89.28,97.3
Europe Brent Spot Price FOB (Dollars per Barrel),2022-09-14,92.83,97.57
Europe Brent Spot Price FOB (Dollars per Barrel),2022-09-13,92.04,98.38
Europe Brent Spot Price FOB (Dollars per Barrel),2022-09-12,93.45,97.42
Europe Brent Spot Price FOB (Dollars per Barrel),2022-09-09,91.68,95.2
Europe Brent Spot Price FOB (Dollars per Barrel),2022-09-08,87.99,92.59
Europe Brent Spot Price FOB (Dollars per Barrel),2022-09-07,86.83,95.88
Europe Brent Spot Price FOB (Dollars per Barrel),2022-09-06,91.43,98.95
Europe Brent Spot Price FOB (Dollars per Barrel),2022-09-05,94.22,99.76
Europe Brent Spot Price FOB (Dollars per Barrel),2022-09-02,93.09,99.13
Europe Brent Spot Price FOB (Dollars per Barrel),2022-09-01,92.24,98.19
Europe Brent Spot Price FOB (Dollars per Barrel),2022-08-31,96.55,101.04
Europe Brent Spot Price FOB (Dollars per Barrel),2022-08-30,99.34,106.41
Europe Brent Spot Price FOB (Dollars per Barrel),2022-08-26,101.13,103.89
Europe Brent Spot Price FOB (Dollars per Barrel),2022-08-25,98.81,104.63
Europe Brent Spot Price FOB (Dollars per Barrel),2022-08-24,99.87,104.05
Europe Brent Spot Price FOB (Dollars per Barrel),2022-08-23,99.49,101.93
Europe Brent Spot Price FOB (Dollars per Barrel),2022-08-22,95.06,98.72
Europe Brent Spot Price FOB (Dollars per Barrel),2022-08-19,96.45,99.66
Europe Brent Spot Price FOB (Dollars per Barrel),2022-08-18,96.35,98.22
Europe Brent Spot Price FOB (Dollars per Barrel),2022-08-17,97.22,95.73
Europe Brent Spot Price FOB (Dollars per Barrel),2022-08-16,95.36,97.44
Europe Brent Spot Price FOB (Dollars per Barrel),2022-08-15,98.25,100.04
Europe Brent Spot Price FOB (Dollars per Barrel),2022-08-12,103.7,103.83
Europe Brent Spot Price FOB (Dollars per Barrel),2022-08-11,107.19,103.2
Europe Brent Spot Price FOB (Dollars per Barrel),2022-08-10,105.06,101.29
Europe Brent Spot Price FOB (Dollars per Barrel),2022-08-09,103.81,100.92
Europe Brent Spot Price FOB (Dollars per Barrel),2022-08-08,103.46,100.78
Europe Brent Spot Price FOB (Dollars per Barrel),2022-08-05,100.31,100.01
Europe Brent Spot Price FOB (Dollars per Barrel),2022-08-04,97.99,101.19
Europe Brent Spot Price FOB (Dollars per Barrel),2022-08-03,101.82,104.18
Europe Brent Spot Price FOB (Dollars per Barrel),2022-08-02,106.51,104.86
Europe Brent Spot Price FOB (Dollars per Barrel),2022-08-01,106.09,106.8
Europe Brent Spot Price FOB (Dollars per Barrel),2022-07-29,111.51,110.84
Europe Brent Spot Price FOB (Dollars per Barrel),2022-07-28,109.68,110.79
Europe Brent Spot Price FOB (Dollars per Barrel),2022-07-27,109.64,108.05
Europe Brent Spot Price FOB (Dollars per Barrel),2022-07-26,107.32,109.3
Europe Brent Spot Price FOB (Dollars per Barrel),2022-07-25,108.23,106.22
Europe Brent Spot Price FOB (Dollars per Barrel),2022-07-22,106.77,107.6
Europe Brent Spot Price FOB (Dollars per Barrel),2022-07-21,112.81,107.44
Europe Brent Spot Price FOB (Dollars per Barrel),2022-07-20,115.86,109.87
Europe Brent Spot Price FOB (Dollars per Barrel),2022-07-19,114.96,110.22
Europe Brent Spot Price FOB (Dollars per Barrel),2022-07-18,117.27,108.7
Europe Brent Spot Price FOB (Dollars per Barrel),2022-07-15,112.26,104.33
Europe Brent Spot Price FOB (Dollars per Barrel),2022-07-14,107.74,102.61
Europe Brent Spot Price FOB (Dollars per Barrel),2022-07-13,107.17,104.36
Europe Brent Spot Price FOB (Dollars per Barrel),2022-07-12,106.98,106.81
Europe Brent Spot Price FOB (Dollars per Barrel),2022-07-11,114.85,108.8
Europe Brent Spot Price FOB (Dollars per Barrel),2022-07-08,113.95,109.02
Europe Brent Spot Price FOB (Dollars per Barrel),2022-07-07,113.4,105.25
Europe Brent Spot Price FOB (Dollars per Barrel),2022-07-06,108.54,106.67
Europe Brent Spot Price FOB (Dollars per Barrel),2022-07-05,110.49,114.24
Europe Brent Spot Price FOB (Dollars per Barrel),2022-07-04,121.8,115.25
Europe Brent Spot Price FOB (Dollars per Barrel),2022-07-01,119.21,113.15
Europe Brent Spot Price FOB (Dollars per Barrel),2022-06-30,119.78,115.6
Europe Brent Spot Price FOB (Dollars per Barrel),2022-06-29,120.8,117.63
Europe Brent Spot Price FOB (Dollars per Barrel),2022-06-28,122.21,117.55
Europe Brent Spot Price FOB (Dollars per Barrel),2022-06-27,119.69,114.88
Europe Brent Spot Price FOB (Dollars per Barrel),2022-06-24,117.36,112.35
Europe Brent Spot Price FOB (Dollars per Barrel),2022-06-23,114.5,111.09
Europe Brent Spot Price FOB (Dollars per Barrel),2022-06-22,115.54,111.0
Europe Brent Spot Price FOB (Dollars per Barrel),2022-06-21,118.51,115.97
Europe Brent Spot Price FOB (Dollars per Barrel),2022-06-20,118.25,113.39
Europe Brent Spot Price FOB (Dollars per Barrel),2022-06-17,119.22,118.97
Europe Brent Spot Price FOB (Dollars per Barrel),2022-06-16,125.78,119.24
Europe Brent Spot Price FOB (Dollars per Barrel),2022-06-15,124.96,121.07
Europe Brent Spot Price FOB (Dollars per Barrel),2022-06-14,127.02,123.73
Europe Brent Spot Price FOB (Dollars per Barrel),2022-06-13,128.44,120.66
Europe Brent Spot Price FOB (Dollars per Barrel),2022-06-10,127.44,123.19
Europe Brent Spot Price FOB (Dollars per Barrel),2022-06-09,128.47,123.21
Europe Brent Spot Price FOB (Dollars per Barrel),2022-06-08,129.2,121.54
Europe Brent Spot Price FOB (Dollars per Barrel),2022-06-07,126.89,120.16
Europe Brent Spot Price FOB (Dollars per Barrel),2022-06-06,124.99,119.85
Europe Brent Spot Price FOB (Dollars per Barrel),2022-06-03,125.68,117.15
Europe Brent Spot Price FOB (Dollars per Barrel),2022-06-01,122.2,117.07
Europe Brent Spot Price FOB (Dollars per Barrel),2022-05-31,125.53,122.94
Europe Brent Spot Price FOB (Dollars per Barrel),2022-05-30,123.01,120.01
Europe Brent Spot Price FOB (Dollars per Barrel),2022-05-27,121.19,118.84
Europe Brent Spot Price FOB (Dollars per Barrel),2022-05-26,119.81,116.5
Europe Brent Spot Price FOB (Dollars per Barrel),2022-05-25,116.41,115.83
Europe Brent Spot Price FOB (Dollars per Barrel),2022-05-24,115.77,114.96
Europe Brent Spot Price FOB (Dollars per Barrel),2022-05-23,115.13,115.95
Europe Brent Spot Price FOB (Dollars per Barrel),2022-05-20,113.63,114.69
Europe Brent Spot Price FOB (Dollars per Barrel),2022-05-19,113.22,111.94
Europe Brent Spot Price FOB (Dollars per Barrel),2022-05-18,110.04,114.84
Europe Brent Spot Price FOB (Dollars per Barrel),2022-05-17,112.89,117.1
Europe Brent Spot Price FOB (Dollars per Barrel),2022-05-16,114.86,112.98
Europe Brent Spot Price FOB (Dollars per Barrel),2022-05-13,112.12,112.27
Europe Brent Spot Price FOB (Dollars per Barrel),2022-05-12,108.06,109.2
Europe Brent Spot Price FOB (Dollars per Barrel),2022-05-11,107.7,108.92
Europe Brent Spot Price FOB (Dollars per Barrel),2022-05-10,102.61,108.08
Europe Brent Spot Price FOB (Dollars per Barrel),2022-05-09,106.67,112.38
Europe Brent Spot Price FOB (Dollars per Barrel),2022-05-06,113.86,114.27
Europe Brent Spot Price FOB (Dollars per Barrel),2022-05-05,112.11,112.94
Europe Brent Spot Price FOB (Dollars per Barrel),2022-05-04,110.53,110.73
Europe Brent Spot Price FOB (Dollars per Barrel),2022-05-03,104.94,109.7
Europe Brent Spot Price FOB (Dollars per Barrel),2022-04-29,108.36,107.99
Europe Brent Spot Price FOB (Dollars per Barrel),2022-04-28,105.78,105.3
Europe Brent Spot Price FOB (Dollars per Barrel),2022-04-27,103.3,105.33
Europe Brent Spot Price FOB (Dollars per Barrel),2022-04-26,102.89,102.94
Europe Brent Spot Price FOB (Dollars per Barrel),2022-04-25,99.27,101.93
Europe Brent Spot Price FOB (Dollars per Barrel),2022-04-22,105.15,107.66
Europe Brent Spot Price FOB (Dollars per Barrel),2022-04-21,107.2,108.81
Europe Brent Spot Price FOB (Dollars per Barrel),2022-04-20,105.05,107.97
Europe Brent Spot Price FOB (Dollars per Barrel),2022-04-19,105.49,110.52
Europe Brent Spot Price FOB (Dollars per Barrel),2022-04-14,110.83,108.52
Europe Brent Spot Price FOB (Dollars per Barrel),2022-04-13,108.49,106.07
Europe Brent Spot Price FOB (Dollars per Barrel),2022-04-12,104.42,102.41
Europe Brent Spot Price FOB (Dollars per Barrel),2022-04-11,97.92,100.08
Europe Brent Spot Price FOB (Dollars per Barrel),2022-04-08,101.26,101.06
Europe Brent Spot Price FOB (Dollars per Barrel),2022-04-07,99.83,100.16
Europe Brent Spot Price FOB (Dollars per Barrel),2022-04-06,100.81,106.17
Europe Brent Spot Price FOB (Dollars per Barrel),2022-04-05,106.6,108.08
Europe Brent Spot Price FOB (Dollars per Barrel),2022-04-04,108.15,106.26
Europe Brent Spot Price FOB (Dollars per Barrel),2022-04-01,106.13,104.93
Europe Brent Spot Price FOB (Dollars per Barrel),2022-03-31,107.29,107.74
Europe Brent Spot Price FOB (Dollars per Barrel),2022-03-30,115.59,110.46
Europe Brent Spot Price FOB (Dollars per Barrel),2022-03-29,112.79,110.05
Europe Brent Spot Price FOB (Dollars per Barrel),2022-03-28,114.5,113.39
Europe Brent Spot Price FOB (Dollars per Barrel),2022-03-25,122.67,115.99
Europe Brent Spot Price FOB (Dollars per Barrel),2022-03-24,123.98,118.72
Europe Brent Spot Price FOB (Dollars per Barrel),2022-03-23,127.52,116.79
Europe Brent Spot Price FOB (Dollars per Barrel),2022-03-22,121.53,114.44
Europe Brent Spot Price FOB (Dollars per Barrel),2022-03-21,122.29,113.65
Europe Brent Spot Price FOB (Dollars per Barrel),2022-03-18,114.32,108.93
Europe Brent Spot Price FOB (Dollars per Barrel),2022-03-17,113.5,104.77
Europe Brent Spot Price FOB (Dollars per Barrel),2022-03-16,104.61,103.87
Europe Brent Spot Price FOB (Dollars per Barrel),2022-03-15,105.14,102.67
Europe Brent Spot Price FOB (Dollars per Barrel),2022-03-14,110.39,110.48
Europe Brent Spot Price FOB (Dollars per Barrel),2022-03-11,118.11,113.1
Europe Brent Spot Price FOB (Dollars per Barrel),2022-03-10,114.54,117.04
Europe Brent Spot Price FOB (Dollars per Barrel),2022-03-09,116.58,128.27
Europe Brent Spot Price FOB (Dollars per Barrel),2022-03-08,133.18,127.74
Europe Brent Spot Price FOB (Dollars per Barrel),2022-03-07,129.02,126.32
Europe Brent Spot Price FOB (Dollars per Barrel),2022-03-04,123.86,112.96
Europe Brent Spot Price FOB (Dollars per Barrel),2022-03-03,115.36,116.87
Europe Brent Spot Price FOB (Dollars per Barrel),2022-03-02,118.94,112.01
Europe Brent Spot Price FOB (Dollars per Barrel),2022-03-01,110.93,103.7
Europe Brent Spot Price FOB (Dollars per Barrel),2022-02-28,103.08,98.96
Europe Brent Spot Price FOB (Dollars per Barrel),2022-02-25,98.56,96.41
Europe Brent Spot Price FOB (Dollars per Barrel),2022-02-24,101.29,100.95
Europe Brent Spot Price FOB (Dollars per Barrel),2022-02-23,99.29,95.84
Europe Brent Spot Price FOB (Dollars per Barrel),2022-02-22,98.73,97.68
Europe Brent Spot Price FOB (Dollars per Barrel),2022-02-21,98.95,94.04
Europe Brent Spot Price FOB (Dollars per Barrel),2022-02-18,96.18,92.55
Europe Brent Spot Price FOB (Dollars per Barrel),2022-02-17,95.28,93.78
Europe Brent Spot Price FOB (Dollars per Barrel),2022-02-16,97.44,95.07
Europe Brent Spot Price FOB (Dollars per Barrel),2022-02-15,98.43,94.48
Europe Brent Spot Price FOB (Dollars per Barrel),2022-02-14,101.66,94.92
Europe Brent Spot Price FOB (Dollars per Barrel),2022-02-11,97.5,92.61
Europe Brent Spot Price FOB (Dollars per Barrel),2022-02-10,96.37,92.62
Europe Brent Spot Price FOB (Dollars per Barrel),2022-02-09,94.95,91.59
Europe Brent Spot Price FOB (Dollars per Barrel),2022-02-08,96.07,91.92
Europe Brent Spot Price FOB (Dollars per Barrel),2022-02-07,97.28,93.18
Europe Brent Spot Price FOB (Dollars per Barrel),2022-02-04,96.86,92.59
Europe Brent Spot Price FOB (Dollars per Barrel),2022-02-03,92.99,89.73
Europe Brent Spot Price FOB (Dollars per Barrel),2022-02-02,91.43,89.94
Europe Brent Spot Price FOB (Dollars per Barrel),2022-02-01,90.24,90.22
Europe Brent Spot Price FOB (Dollars per Barrel),2022-01-31,92.35,90.73
Europe Brent Spot Price FOB (Dollars per Barrel),2022-01-28,91.47,89.97
Europe Brent Spot Price FOB (Dollars per Barrel),2022-01-27,90.7,90.04
Europe Brent Spot Price FOB (Dollars per Barrel),2022-01-26,91.22,89.18
Europe Brent Spot Price FOB (Dollars per Barrel),2022-01-25,89.49,87.19
Europe Brent Spot Price FOB (Dollars per Barrel),2022-01-24,87.74,87.83
Europe Brent Spot Price FOB (Dollars per Barrel),2022-01-21,89.75,87.3
Europe Brent Spot Price FOB (Dollars per Barrel),2022-01-20,89.75,88.39
Europe Brent Spot Price FOB (Dollars per Barrel),2022-01-19,89.64,88.33
Europe Brent Spot Price FOB (Dollars per Barrel),2022-01-18,88.83,87.93
Europe Brent Spot Price FOB (Dollars per Barrel),2022-01-17,87.82,86.38
Europe Brent Spot Price FOB (Dollars per Barrel),2022-01-14,87.17,85.3
Europe Brent Spot Price FOB (Dollars per Barrel),2022-01-13,85.8,84.56
Europe Brent Spot Price FOB (Dollars per Barrel),2022-01-12,85.83,84.19
Europe Brent Spot Price FOB (Dollars per Barrel),2022-01-11,84.98,81.97
Europe Brent Spot Price FOB (Dollars per Barrel),2022-01-10,81.56,81.6
Europe Brent Spot Price FOB (Dollars per Barrel),2022-01-07,82.28,82.0
Europe Brent Spot Price FOB (Dollars per Barrel),2022-01-06,81.99,80.65
Europe Brent Spot Price FOB (Dollars per Barrel),2022-01-05,80.6,79.92
Europe Brent Spot Price FOB (Dollars per Barrel),2022-01-04,79.39,78.78
Europe Brent Spot Price FOB (Dollars per Barrel),2022-01-03,78.25,77.86
Europe Brent Spot Price FOB (Dollars per Barrel),2021-12-31,77.24,77.97
Europe Brent Spot Price FOB (Dollars per Barrel),2021-12-30,78.61,78.33
Europe Brent Spot Price FOB (Dollars per Barrel),2021-12-29,78.63,78.17
Europe Brent Spot Price FOB (Dollars per Barrel),2021-12-24,75.24,75.5
Europe Brent Spot Price FOB (Dollars per Barrel),2021-12-23,76.26,75.16
Europe Brent Spot Price FOB (Dollars per Barrel),2021-12-22,74.69,73.99
Europe Brent Spot Price FOB (Dollars per Barrel),2021-12-21,72.85,72.18
Europe Brent Spot Price FOB (Dollars per Barrel),2021-12-20,70.51,70.94
Europe Brent Spot Price FOB (Dollars per Barrel),2021-12-17,72.97,74.23
Europe Brent Spot Price FOB (Dollars per Barrel),2021-12-16,74.64,74.66
Europe Brent Spot Price FOB (Dollars per Barrel),2021-12-15,73.71,73.12
Europe Brent Spot Price FOB (Dollars per Barrel),2021-12-14,73.37,74.28
Europe Brent Spot Price FOB (Dollars per Barrel),2021-12-13,74.12,75.04
Europe Brent Spot Price FOB (Dollars per Barrel),2021-12-10,74.98,74.07
Europe Brent Spot Price FOB (Dollars per Barrel),2021-12-09,74.1,75.41
Europe Brent Spot Price FOB (Dollars per Barrel),2021-12-08,75.94,75.13
Europe Brent Spot Price FOB (Dollars per Barrel),2021-12-07,75.54,74.65
Europe Brent Spot Price FOB (Dollars per Barrel),2021-12-06,73.38,71.45
Europe Brent Spot Price FOB (Dollars per Barrel),2021-12-03,70.71,71.65
Europe Brent Spot Price FOB (Dollars per Barrel),2021-12-02,70.56,70.07
Europe Brent Spot Price FOB (Dollars per Barrel),2021-12-01,69.53,71.67
Europe Brent Spot Price FOB (Dollars per Barrel),2021-11-30,70.86,71.01
Europe Brent Spot Price FOB (Dollars per Barrel),2021-11-29,73.34,74.2
Europe Brent Spot Price FOB (Dollars per Barrel),2021-11-26,72.37,76.09
Europe Brent Spot Price FOB (Dollars per Barrel),2021-11-25,82.05,81.31
Europe Brent Spot Price FOB (Dollars per Barrel),2021-11-24,82.37,81.75
Europe Brent Spot Price FOB (Dollars per Barrel),2021-11-23,83.43,79.4
Europe Brent Spot Price FOB (Dollars per Barrel),2021-11-22,80.97,78.9
Europe Brent Spot Price FOB (Dollars per Barrel),2021-11-19,80.24,80.32
Europe Brent Spot Price FOB (Dollars per Barrel),2021-11-18,82.45,79.37
Europe Brent Spot Price FOB (Dollars per Barrel),2021-11-17,80.67,81.1
Europe Brent Spot Price FOB (Dollars per Barrel),2021-11-16,82.85,82.01
Europe Brent Spot Price FOB (Dollars per Barrel),2021-11-15,81.94,80.9
Europe Brent Spot Price FOB (Dollars per Barrel),2021-11-12,82.9,81.7
Europe Brent Spot Price FOB (Dollars per Barrel),2021-11-11,83.4,81.99
Europe Brent Spot Price FOB (Dollars per Barrel),2021-11-10,82.91,83.75
Europe Brent Spot Price FOB (Dollars per Barrel),2021-11-09,84.52,82.7
Europe Brent Spot Price FOB (Dollars per Barrel),2021-11-08,83.22,82.39
Europe Brent Spot Price FOB (Dollars per Barrel),2021-11-05,82.43,80.16
Europe Brent Spot Price FOB (Dollars per Barrel),2021-11-04,80.15,81.48
Europe Brent Spot Price FOB (Dollars per Barrel),2021-11-03,81.1,81.64
Europe Brent Spot Price FOB (Dollars per Barrel),2021-11-02,84.42,83.43
Europe Brent Spot Price FOB (Dollars per Barrel),2021-11-01,84.51,82.55
Europe Brent Spot Price FOB (Dollars per Barrel),2021-10-29,83.1,82.87
Europe Brent Spot Price FOB (Dollars per Barrel),2021-10-28,83.4,82.41
Europe Brent Spot Price FOB (Dollars per Barrel),2021-10-27,84.12,83.72
Europe Brent Spot Price FOB (Dollars per Barrel),2021-10-26,85.11,84.52
Europe Brent Spot Price FOB (Dollars per Barrel),2021-10-25,84.85,84.66
Europe Brent Spot Price FOB (Dollars per Barrel),2021-10-22,85.43,83.4
Europe Brent Spot Price FOB (Dollars per Barrel),2021-10-21,84.58,83.36
Europe Brent Spot Price FOB (Dollars per Barrel),2021-10-20,85.76,83.3
Europe Brent Spot Price FOB (Dollars per Barrel),2021-10-19,85.02,83.48
Europe Brent Spot Price FOB (Dollars per Barrel),2021-10-18,84.13,84.04
Europe Brent Spot Price FOB (Dollars per Barrel),2021-10-15,84.67,83.54
Europe Brent Spot Price FOB (Dollars per Barrel),2021-10-14,83.86,82.5
Europe Brent Spot Price FOB (Dollars per Barrel),2021-10-13,83.53,81.79
Europe Brent Spot Price FOB (Dollars per Barrel),2021-10-12,83.53,82.37
Europe Brent Spot Price FOB (Dollars per Barrel),2021-10-11,83.75,82.53
Europe Brent Spot Price FOB (Dollars per Barrel),2021-10-08,82.17,81.54
Europe Brent Spot Price FOB (Dollars per Barrel),2021-10-07,82.34,78.58
Europe Brent Spot Price FOB (Dollars per Barrel),2021-10-06,81.39,80.63
Europe Brent Spot Price FOB (Dollars per Barrel),2021-10-05,82.72,80.44
Europe Brent Spot Price FOB (Dollars per Barrel),2021-10-04,81.44,78.26
Europe Brent Spot Price FOB (Dollars per Barrel),2021-10-01,79.4,76.36
Europe Brent Spot Price FOB (Dollars per Barrel),2021-09-30,77.81,77.72
Europe Brent Spot Price FOB (Dollars per Barrel),2021-09-29,77.86,77.13
Europe Brent Spot Price FOB (Dollars per Barrel),2021-09-28,78.3,78.37
Europe Brent Spot Price FOB (Dollars per Barrel),2021-09-27,78.85,77.73
Europe Brent Spot Price FOB (Dollars per Barrel),2021-09-24,77.42,76.21
Europe Brent Spot Price FOB (Dollars per Barrel),2021-09-23,76.44,75.44
Europe Brent Spot Price FOB (Dollars per Barrel),2021-09-22,75.5,74.46
Europe Brent Spot Price FOB (Dollars per Barrel),2021-09-21,73.65,73.68
Europe Brent Spot Price FOB (Dollars per Barrel),2021-09-20,73.59,73.47
Europe Brent Spot Price FOB (Dollars per Barrel),2021-09-17,74.64,74.14
Europe Brent Spot Price FOB (Dollars per Barrel),2021-09-16,75.14,74.17
Europe Brent Spot Price FOB (Dollars per Barrel),2021-09-15,74.84,73.78
Europe Brent Spot Price FOB (Dollars per Barrel),2021-09-14,73.05,73.29
Europe Brent Spot Price FOB (Dollars per Barrel),2021-09-13,72.97,72.77
Europe Brent Spot Price FOB (Dollars per Barrel),2021-09-10,72.44,71.98
Europe Brent Spot Price FOB (Dollars per Barrel),2021-09-09,71.32,71.82
Europe Brent Spot Price FOB (Dollars per Barrel),2021-09-08,72.36,71.17
Europe Brent Spot Price FOB (Dollars per Barrel),2021-09-07,71.52,71.34
Europe Brent Spot Price FOB (Dollars per Barrel),2021-09-06,72.43,71.29
Europe Brent Spot Price FOB (Dollars per Barrel),2021-09-03,73.07,72.56
Europe Brent Spot Price FOB (Dollars per Barrel),2021-09-02,73.56,71.63
Europe Brent Spot Price FOB (Dollars per Barrel),2021-09-01,71.99,71.25
Europe Brent Spot Price FOB (Dollars per Barrel),2021-08-31,73.45,71.43
Europe Brent Spot Price FOB (Dollars per Barrel),2021-08-27,72.26,71.48
Europe Brent Spot Price FOB (Dollars per Barrel),2021-08-26,70.42,70.75
Europe Brent Spot Price FOB (Dollars per Barrel),2021-08-25,72.12,70.59
Europe Brent Spot Price FOB (Dollars per Barrel),2021-08-24,71.21,69.71
Europe Brent Spot Price FOB (Dollars per Barrel),2021-08-23,69.07,67.33
Europe Brent Spot Price FOB (Dollars per Barrel),2021-08-20,65.51,66.13
Europe Brent Spot Price FOB (Dollars per Barrel),2021-08-19,66.8,66.08
Europe Brent Spot Price FOB (Dollars per Barrel),2021-08-18,68.61,69.32
Europe Brent Spot Price FOB (Dollars per Barrel),2021-08-17,69.4,69.4
Europe Brent Spot Price FOB (Dollars per Barrel),2021-08-16,70.07,69.65
Europe Brent Spot Price FOB (Dollars per Barrel),2021-08-13,70.9,70.9
Europe Brent Spot Price FOB (Dollars per Barrel),2021-08-12,71.79,71.32
Europe Brent Spot Price FOB (Dollars per Barrel),2021-08-11,71.99,70.52
Europe Brent Spot Price FOB (Dollars per Barrel),2021-08-10,71.14,70.13
Europe Brent Spot Price FOB (Dollars per Barrel),2021-08-09,69.65,70.66
Europe Brent Spot Price FOB (Dollars per Barrel),2021-08-06,71.02,71.3
Europe Brent Spot Price FOB (Dollars per Barrel),2021-08-05,72.14,70.34
Europe Brent Spot Price FOB (Dollars per Barrel),2021-08-04,70.99,71.83
Europe Brent Spot Price FOB (Dollars per Barrel),2021-08-03,73.24,72.71
Europe Brent Spot Price FOB (Dollars per Barrel),2021-08-02,73.91,73.89
Europe Brent Spot Price FOB (Dollars per Barrel),2021-07-30,77.72,74.98
Europe Brent Spot Price FOB (Dollars per Barrel),2021-07-29,76.3,74.42
Europe Brent Spot Price FOB (Dollars per Barrel),2021-07-28,75.09,73.57
Europe Brent Spot Price FOB (Dollars per Barrel),2021-07-27,74.87,73.62
Europe Brent Spot Price FOB (Dollars per Barrel),2021-07-26,74.79,72.68
Europe Brent Spot Price FOB (Dollars per Barrel),2021-07-23,74.86,73.03
Europe Brent Spot Price FOB (Dollars per Barrel),2021-07-22,74.25,72.09
Europe Brent Spot Price FOB (Dollars per Barrel),2021-07-21,72.54,69.93
Europe Brent Spot Price FOB (Dollars per Barrel),2021-07-20,70.03,70.5
Europe Brent Spot Price FOB (Dollars per Barrel),2021-07-19,69.33,70.54
Europe Brent Spot Price FOB (Dollars per Barrel),2021-07-16,74.46,72.84
Europe Brent Spot Price FOB (Dollars per Barrel),2021-07-15,74.53,73.15
Europe Brent Spot Price FOB (Dollars per Barrel),2021-07-14,75.74,75.29
Europe Brent Spot Price FOB (Dollars per Barrel),2021-07-13,77.5,75.13
Europe Brent Spot Price FOB (Dollars per Barrel),2021-07-12,76.77,74.33
Europe Brent Spot Price FOB (Dollars per Barrel),2021-07-09,77.14,74.18
Europe Brent Spot Price FOB (Dollars per Barrel),2021-07-08,75.07,71.97
Europe Brent Spot Price FOB (Dollars per Barrel),2021-07-07,74.31,73.58
Europe Brent Spot Price FOB (Dollars per Barrel),2021-07-06,75.81,75.94
Europe Brent Spot Price FOB (Dollars per Barrel),2021-07-05,78.34,75.71
Europe Brent Spot Price FOB (Dollars per Barrel),2021-07-02,77.51,75.21
Europe Brent Spot Price FOB (Dollars per Barrel),2021-07-01,76.69,74.87
Europe Brent Spot Price FOB (Dollars per Barrel),2021-06-30,76.94,73.6
Europe Brent Spot Price FOB (Dollars per Barrel),2021-06-29,75.38,73.34
Europe Brent Spot Price FOB (Dollars per Barrel),2021-06-28,74.78,73.84
Europe Brent Spot Price FOB (Dollars per Barrel),2021-06-25,76.45,74.19
Europe Brent Spot Price FOB (Dollars per Barrel),2021-06-24,75.95,74.09
Europe Brent Spot Price FOB (Dollars per Barrel),2021-06-23,75.22,74.01
Europe Brent Spot Price FOB (Dollars per Barrel),2021-06-22,74.92,73.13
Europe Brent Spot Price FOB (Dollars per Barrel),2021-06-21,74.49,72.45
Europe Brent Spot Price FOB (Dollars per Barrel),2021-06-18,73.1,71.56
Europe Brent Spot Price FOB (Dollars per Barrel),2021-06-17,72.92,72.29
Europe Brent Spot Price FOB (Dollars per Barrel),2021-06-16,73.88,73.16
Europe Brent Spot Price FOB (Dollars per Barrel),2021-06-15,73.38,72.05
Europe Brent Spot Price FOB (Dollars per Barrel),2021-06-14,72.27,71.99
Europe Brent Spot Price FOB (Dollars per Barrel),2021-06-11,72.05,71.31
Europe Brent Spot Price FOB (Dollars per Barrel),2021-06-10,71.65,70.9
Europe Brent Spot Price FOB (Dollars per Barrel),2021-06-09,71.31,71.21
Europe Brent Spot Price FOB (Dollars per Barrel),2021-06-08,71.39,69.83
Europe Brent Spot Price FOB (Dollars per Barrel),2021-06-07,70.89,70.15
Europe Brent Spot Price FOB (Dollars per Barrel),2021-06-04,71.3,70.23
Europe Brent Spot Price FOB (Dollars per Barrel),2021-06-03,70.71,69.91
Europe Brent Spot Price FOB (Dollars per Barrel),2021-06-02,70.6,69.39
Europe Brent Spot Price FOB (Dollars per Barrel),2021-06-01,70.03,69.03
Europe Brent Spot Price FOB (Dollars per Barrel),2021-05-28,69.36,68.2
Europe Brent Spot Price FOB (Dollars per Barrel),2021-05-27,69.43,67.32
Europe Brent Spot Price FOB (Dollars per Barrel),2021-05-26,68.93,67.47
Europe Brent Spot Price FOB (Dollars per Barrel),2021-05-25,68.8,67.41
Europe Brent Spot Price FOB (Dollars per Barrel),2021-05-24,68.59,66.93
Europe Brent Spot Price FOB (Dollars per Barrel),2021-05-21,66.72,64.18
Europe Brent Spot Price FOB (Dollars per Barrel),2021-05-20,65.18,65.29
Europe Brent Spot Price FOB (Dollars per Barrel),2021-05-19,66.88,65.95
Europe Brent Spot Price FOB (Dollars per Barrel),2021-05-18,69.01,68.39
Europe Brent Spot Price FOB (Dollars per Barrel),2021-05-17,69.62,67.52
Europe Brent Spot Price FOB (Dollars per Barrel),2021-05-14,69.24,66.16
Europe Brent Spot Price FOB (Dollars per Barrel),2021-05-13,67.36,66.78
Europe Brent Spot Price FOB (Dollars per Barrel),2021-05-12,69.62,67.46
Europe Brent Spot Price FOB (Dollars per Barrel),2021-05-11,68.83,66.39
Europe Brent Spot Price FOB (Dollars per Barrel),2021-05-10,68.61,67.1
Europe Brent Spot Price FOB (Dollars per Barrel),2021-05-07,68.73,66.57
Europe Brent Spot Price FOB (Dollars per Barrel),2021-05-06,68.62,67.49
Europe Brent Spot Price FOB (Dollars per Barrel),2021-05-05,69.71,68.2
Europe Brent Spot Price FOB (Dollars per Barrel),2021-05-04,68.91,66.67
Europe Brent Spot Price FOB (Dollars per Barrel),2021-04-30,67.73,65.42
Europe Brent Spot Price FOB (Dollars per Barrel),2021-04-29,68.26,65.71
Europe Brent Spot Price FOB (Dollars per Barrel),2021-04-28,67.08,64.53
Europe Brent Spot Price FOB (Dollars per Barrel),2021-04-27,66.25,63.91
Europe Brent Spot Price FOB (Dollars per Barrel),2021-04-26,65.5,63.22
Europe Brent Spot Price FOB (Dollars per Barrel),2021-04-23,65.75,63.63
Europe Brent Spot Price FOB (Dollars per Barrel),2021-04-22,65.07,63.06
Europe Brent Spot Price FOB (Dollars per Barrel),2021-04-21,64.02,64.02
Europe Brent Spot Price FOB (Dollars per Barrel),2021-04-20,65.34,65.36
Europe Brent Spot Price FOB (Dollars per Barrel),2021-04-19,66.54,65.1
Europe Brent Spot Price FOB (Dollars per Barrel),2021-04-16,65.98,65.21
Europe Brent Spot Price FOB (Dollars per Barrel),2021-04-15,66.13,64.48
Europe Brent Spot Price FOB (Dollars per Barrel),2021-04-14,66.11,63.39
Europe Brent Spot Price FOB (Dollars per Barrel),2021-04-13,62.83,61.85
Europe Brent Spot Price FOB (Dollars per Barrel),2021-04-12,62.38,61.44
Europe Brent Spot Price FOB (Dollars per Barrel),2021-04-09,61.89,61.12
Europe Brent Spot Price FOB (Dollars per Barrel),2021-04-08,62.09,61.2
Europe Brent Spot Price FOB (Dollars per Barrel),2021-04-07,61.86,60.67
Europe Brent Spot Price FOB (Dollars per Barrel),2021-04-06,61.47,61.31
Europe Brent Spot Price FOB (Dollars per Barrel),2021-04-01,63.85,61.75
Europe Brent Spot Price FOB (Dollars per Barrel),2021-03-31,63.52,63.07
Europe Brent Spot Price FOB (Dollars per Barrel),2021-03-30,63.28,63.37
Europe Brent Spot Price FOB (Dollars per Barrel),2021-03-29,64.06,62.86
Europe Brent Spot Price FOB (Dollars per Barrel),2021-03-26,63.77,62.56
Europe Brent Spot Price FOB (Dollars per Barrel),2021-03-25,61.21,61.63
Europe Brent Spot Price FOB (Dollars per Barrel),2021-03-24,63.7,61.61
Europe Brent Spot Price FOB (Dollars per Barrel),2021-03-23,59.96,62.27
Europe Brent Spot Price FOB (Dollars per Barrel),2021-03-22,63.89,63.22
Europe Brent Spot Price FOB (Dollars per Barrel),2021-03-19,64.0,62.47
Europe Brent Spot Price FOB (Dollars per Barrel),2021-03-18,62.11,64.79
Europe Brent Spot Price FOB (Dollars per Barrel),2021-03-17,67.73,66.76
Europe Brent Spot Price FOB (Dollars per Barrel),2021-03-16,67.95,66.89
Europe Brent Spot Price FOB (Dollars per Barrel),2021-03-15,68.78,68.18
Europe Brent Spot Price FOB (Dollars per Barrel),2021-03-12,68.87,68.14
Europe Brent Spot Price FOB (Dollars per Barrel),2021-03-11,69.34,67.39
Europe Brent Spot Price FOB (Dollars per Barrel),2021-03-10,67.53,65.6
Europe Brent Spot Price FOB (Dollars per Barrel),2021-03-09,67.03,66.38
Europe Brent Spot Price FOB (Dollars per Barrel),2021-03-08,68.0,68.17
Europe Brent Spot Price FOB (Dollars per Barrel),2021-03-05,69.95,67.03
Europe Brent Spot Price FOB (Dollars per Barrel),2021-03-04,67.32,64.23
Europe Brent Spot Price FOB (Dollars per Barrel),2021-03-03,64.7,62.12
Europe Brent Spot Price FOB (Dollars per Barrel),2021-03-02,63.17,61.94
Europe Brent Spot Price FOB (Dollars per Barrel),2021-03-01,64.56,64.21
Europe Brent Spot Price FOB (Dollars per Barrel),2021-02-26,65.86,64.37
Europe Brent Spot Price FOB (Dollars per Barrel),2021-02-25,66.69,65.42
Europe Brent Spot Price FOB (Dollars per Barrel),2021-02-24,66.85,64.0
Europe Brent Spot Price FOB (Dollars per Barrel),2021-02-23,65.16,63.73
Europe Brent Spot Price FOB (Dollars per Barrel),2021-02-22,64.73,62.01
Europe Brent Spot Price FOB (Dollars per Barrel),2021-02-19,62.84,61.32
Europe Brent Spot Price FOB (Dollars per Barrel),2021-02-18,64.09,63.44
Europe Brent Spot Price FOB (Dollars per Barrel),2021-02-17,65.02,63.06
Europe Brent Spot Price FOB (Dollars per Barrel),2021-02-16,63.96,62.49
Europe Brent Spot Price FOB (Dollars per Barrel),2021-02-15,63.58,62.61
Europe Brent Spot Price FOB (Dollars per Barrel),2021-02-12,62.47,60.79
Europe Brent Spot Price FOB (Dollars per Barrel),2021-02-11,61.09,60.55
Europe Brent Spot Price FOB (Dollars per Barrel),2021-02-10,61.17,60.47
Europe Brent Spot Price FOB (Dollars per Barrel),2021-02-09,60.74,60.3
Europe Brent Spot Price FOB (Dollars per Barrel),2021-02-08,60.17,59.59
Europe Brent Spot Price FOB (Dollars per Barrel),2021-02-05,59.48,58.94
Europe Brent Spot Price FOB (Dollars per Barrel),2021-02-04,58.98,58.26
Europe Brent Spot Price FOB (Dollars per Barrel),2021-02-03,58.61,57.74
Europe Brent Spot Price FOB (Dollars per Barrel),2021-02-02,57.62,56.82
Europe Brent Spot Price FOB (Dollars per Barrel),2021-02-01,56.42,55.14
Europe Brent Spot Price FOB (Dollars per Barrel),2021-01-29,55.25,54.41
Europe Brent Spot Price FOB (Dollars per Barrel),2021-01-28,54.87,54.36
Europe Brent Spot Price FOB (Dollars per Barrel),2021-01-27,55.07,55.31
Europe Brent Spot Price FOB (Dollars per Barrel),2021-01-26,55.26,54.87
Europe Brent Spot Price FOB (Dollars per Barrel),2021-01-25,55.44,54.85
Europe Brent Spot Price FOB (Dollars per Barrel),2021-01-22,55.22,54.69
Europe Brent Spot Price FOB (Dollars per Barrel),2021-01-21,55.68,55.14
Europe Brent Spot Price FOB (Dollars per Barrel),2021-01-20,55.66,55.75
Europe Brent Spot Price FOB (Dollars per Barrel),2021-01-19,55.38,54.85
Europe Brent Spot Price FOB (Dollars per Barrel),2021-01-18,54.21,53.92
Europe Brent Spot Price FOB (Dollars per Barrel),2021-01-15,54.8,54.68
Europe Brent Spot Price FOB (Dollars per Barrel),2021-01-14,55.76,55.19
Europe Brent Spot Price FOB (Dollars per Barrel),2021-01-13,55.52,55.81
Europe Brent Spot Price FOB (Dollars per Barrel),2021-01-12,55.98,55.41
Europe Brent Spot Price FOB (Dollars per Barrel),2021-01-11,54.84,54.76
Europe Brent Spot Price FOB (Dollars per Barrel),2021-01-08,55.51,54.39
Europe Brent Spot Price FOB (Dollars per Barrel),2021-01-07,53.7,53.84
Europe Brent Spot Price FOB (Dollars per Barrel),2021-01-06,53.8,53.29
Europe Brent Spot Price FOB (Dollars per Barrel),2021-01-05,53.16,50.75
Europe Brent Spot Price FOB (Dollars per Barrel),2021-01-04,50.37,51.35
